3608772c43d89b71aa0094b67065f7198756e15114185db539476eca,[n/a]
00000722842ca5ae6575eecd1ddb629e7a61fef816c22a75bbfb1ad4,HEAL
0019cb5ac91c786a809f4d87622a29d2c7f57f4697f8c8e8457f4de4,STAKE
00472a2a777ca2a0d180515e3ff1b848a87b72448097412d2c9289b3,WHCZ
007c8cf86eb1eebd45871699623a283e77400e96789ffd2fa7d9a4b1,EVE01
008d0cccc133f9bc62b019ff9ebfa91f87bb0098b200589c97498ba4,MONET
0090ffc12b3b7421518458a8b6c5313c47d3a6ba141b3874b16a0685,ELIT3
00beef0a9be2f6d897ed24a613cf547bb20cd282a04edfc53d477114,BCSH
00beef284975ef87856c1343f6bf50172253177fdebc756524d43fc1,BCSH2
00beef373356ff27a77bd510f4cd35d309715afb6f52f49d9186a16e,BCSH4
00beef534478b59ba0b2b646348c8d1f81f60bf40a2195c6378dd5db,BCSH5
00beef68425d90f50c8e2102476a0f42ec850836e9affd601ecf7804,BCSH6
00beef8710427e328a29555283c74b202b40bec9a62630a9f03b1e18,BCSH0
00beef9385526062d41cd7293746048c6a9a13ab8b591920cf40c706,BCSH1
01319224f035ed6a4566ce83a0190c0e14b5615254a91605ba4834d8,NOVA
016ceeebd4928548cb381c3419c520860a409870207946a39abf77b0,TIGER
01e1ffd11a288a706b7be517947853aa67f8024401ca7ceb06de70fc,MATRX
02204fe35693145133b5778f14f089298d7978f65a25f349810e60ba,TURBO
03a65fd582dd4701b696c9b9d483f0422bd09fde6439300775200e5c,NOMIC
03a92c5395b6b16afacd72dd73ee0cd2cea3531a01a27bcba4c4efdd,B357
03ba735795ea8294bccd63efd305168ac8367e9d6fd5f0a6225e12b0,ELITE
046a00d716bd0af42ca5cf5ab11dc7ea22eeafac4d3ad91c128791c3,BALT
04d1d6ff18fcec0435cdafe2c0d11b4371ec06c9cdbda0786286000b,UNIT
0505da3db180fcff1adb92c8383d9ed6446248e83f2e8426cf727fef,SMMT
052f4ae6c6f39c00a45e390ed0849fd719e1848c60cf3ba6b985635e,BHMT
05567e8f3d1166916dd8c5eba9ac45efecd9d1ca1da24ef7a8ffb968,ATIN
059b4217a24a8c67a363968ff1db13a17ed96e611362450c115b2415,AMOON
05b8a25ec4f41956a6496555c233bcbe6fc06596553ae2d14df73e20,ASPEN
05e11c24a4de15366c6d548f8847589164d02260b6a059a08c22be2a,PANL
067e5ba8e2e8f81aa28d31690de50848f8056ad5f7f07ce9db68bbd2,RAID1
072a7705cee8f76cbaff72325340fe821674366002b5398f2a66b07e,OBS
074c396a747cfa8f83629503c0520d7f5c8215d306c960bb78edeac1,üêàNNSP
075578defd7ee97cbeaa2937e5819099cb3835ac9f9c8b1a2c3a3578,SNSKY
075a870caa0a0cf20a3c2cf514be05e2064ef1ba71b2381e8f16a09e,VITAL
078fb5ceaa78ef2939174efeee13b094720d5293bdc1181ac4bc5def,ZERO
07ac7dee6c82177096b70ccf21cfb8965c1fb08e079f9ca4af4b2b3e,LOGIC
07cc67445f419f643158cfdf3d0a3dd12507b8e81b961a19d3e9d3b5,JWER
083dca44606da9360da4d3fe9bc8c4891a0cd08d97a90e0b0dda8934,DCS
084fcf7ff164e141800c33c0736b9e9516b658064e38f07e951f0ae0,PURE
08b0c54264e2713931ba9de737e8bc9189d45ebf60983cb8dc7e3573,8BLOX
08e6fec5f43ceb97e59ba510cc5063ebaebf14319182caaa60f4153c,ADIZ
094dd5ec76789aec588bc28a2fcfabadef31c6d071e1684e10af45bb,HOSK
09ae473a0781eefa6345e2236a8ffa92c26dc151c93a8f67ae735860,KAKIS
09d0ded56d29ceab63ffcca0b189373d667c19707cb5e6939ceec4d4,ALL1
09dabf44935f1bad86f053902dcc88586944ed16cbeea1aed581416a,OPSCH
09f080b83a8e5e794316df6a43c4d5cdf1124d6f5f3bbcdca5bec794,OBI
0a149331a1f95a7b3609fce3f66dceb3fa1731da25b14493982cbbb4,ALORA
0a1ae3893c74ac0bdbf449309b343fb3816db986f220350ecc606695,COBRA
0a25b49067e48fe2d5d139a4427290078be7652fd1f3c8e7f8077ba8,VUL
0a3b0f901ea0d1a78127c856a94a360f3323b9b0a7ebb71ea8298b2d,GIANG
0a7e78413c9a62a0e68d24d79ffb20c551c5e6514947e7dcf0879916,RPA1
0be587cdf005e5e4df6784d0779f5db108387de7a618dd65d0b5eff2,TUGA
0c2256564f8d33210d1d50174d6137971c689dcccb4e36bf7c92c97d,RAID4
0ce3abe4dc6ce48d71cc3628bfb63d2291a590a5e8da2bcfd81ded71,YKSB
0ce419383f713032a4e2855f79b11df092e820d9a970304128b4a6cb,ADAm1
0cf9fe123ae59a2647456d459c9c7d185cab1f9676696b37777e97a2,CREED
0e38907811f35fb996d029dc33e943b6c21d94fddd70ca758ca71544,CATS
0e3f803915a37af7b6a121409192363e9de658524276c20c26f511ee,OZZY
0ef51a2647859b6bbfecbaf044757922eb35d512a0fa151c400e7c36,WPOOL
0f918d1fc7afc9057af8a12caa0b79129e7258263915718e80d88bd8,CWSP
103023896563fc4449fa10d47fbb67a414f4e9ca0370dfae446bddcb,GCP
105a6816701a47f2fd43239a9340606640913012811485543bb05968,SPH
11049c12ebde61e94531eb2d022b44ba4fdbc48eea14bf6cbf2a6f44,AZ5
111646b0848804b1c0ff51888432c9c4b0b0aa3b55f11ecbd0e36624,PSYA
118af2b045067d1eb1816bc9e0030e11d294b27c0e89c02b27b83f58,SDGs
119458f6320cae587e748f2ffc46b8c4c21fea02ca9431e36b7d7331,BEST
11cad31f95526b86724c84b818228fc2500bca5ce9b2864a85b94058,CO2P
120164437b85877822cc5141bac269be53254e2fa58cef6c94238dc7,TAMA
12b5c6db2202c6439978eab8549dfe0ad2ffff0cf3c731c64a8d3c80,TIG
12c2eeaff3142dc1f1d9f5cce673469419afaaa78d024604defc3f8c,POOL1
12d4d2f7a7c5b4ae10853d093257d71bd3ac6d2abccc2b65fc0bff8f,46S
134b0ad4f7109b0b4514d666a838a5e14291e72ed99ff27488791dd5,VEGAN
137ca3be34e46afd6529d16e5e9d123ad0557819d28ce622bfca2ee6,AZSUN
1408010df5450238cd9e626c7fb711e25e6fcb072256d8002630024c,AKANE
144b0b64741e666be425df847ef72a25e9a2d5e8712c15a7097d235f,KYOTO
14a6ab7f0530072a0ae80710270da3fc46f4b97f181f939defba6b66,PARAP
152f595f7700daa9b4779c5deb0cf36600ee4db0a46e38698110ce75,SDA
155b581cf1e7fd7d3203da0b08af556a54cc19eab9d605ecf0050807,SEOUL
1596878503f749aa3f6c33583e1e98ca240ef984a1cb7cf1afa6a814,RYOMA
15e94d5b8ab9ff7e7eaa0479a1bb7209bdca5f29ff7af1cf98d6c176,POULE
1649d50e9181b60bab868c20980c191e4689b95791b61d44678cd6e6,NICE
16d216d074625d2dbb75c20948e4d9a1efe0fe79c4c915d4b5391de1,ALPS
16e541d82cbb6d386243473f5c19d535fa04dd3890185b253bbb5e26,TMHH
17111382071c508d881306c86b0a3511228c178e886742a2884c9d83,VERSE
1795531808124bd8bf39943b5cb453db0f74115e840c04e02015550c,YYC
17fa4d6590f413e5b699ae8c859c32ef427e95b81f167e1a2dc3c2f1,STORK
18109d01af0c5c4495a64a9de061ad621156729afc699128c0ceee0e,HADA
181d71112cd9f97d0219006d612b8c475fc48dfdef58377a649917c3,CSS
183334ab61d5af1ffbdb3b350e95d0afc09290013c30c4581a209ffe,RPAW2
183583cd7f85d46fc7f97f168aa42605fa8f25bf089a4b63edf36e54,NOCAP
183cf23e123a67244f9d6424b65940deaf272865127b86d742d08f8f,LEI
184f9b71917abc374496e25d3f0aacee1739097767f2284132b151f9,CETAK
185a90151b2fe0f01d73c2a1098514eb237dd337b2f9ff61229c9923,PADA
19089ba375183a50cc96372e6c6c9a1b66fe13ebe276559f58d72167,SKILL
190ab13987bcd4925f21c030678cee3ce4f846f32f19749a5557d8e3,CALY
195a96523a7f7e1a36ef53ecfa3db59d4972dea8dc0bf4be03dd622a,LEO5
1974b6a2aacf80131b29526e2ff21fab96095955b0a709556be8de9d,GGG
1995ead012d50034638bd848d616d1fb4b178780a297e85b0d8e6730,KUNI
19a7295abe2d83e4c5876ef30f21a44ca3877107fe5529a926cc1647,DONO
1b3e71112aacede2d50464f41bec1af5ee717d54deb441c42563570d,MDMA
1b5ea0d86b66f310b74914febb6959ae0746b500a276d79df3cf2bbb,ARK
1b5f8eb4c3de5274fca5cab708ac8b100feaed5db8fbdc9923b8663d,PROM
1be8cf4af5014a027983ba8dd8da6195a34b08e1dc956ee12ab929bb,SMPL
1c220012e987c342ec4b4c6cea04501d0cf003459804b0e7018d3c73,ALICE
1c2bf407fe43d5bbe6609450b296b9f7ed77cc2ef04582c6b3574297,CMIRA
1c31b9a0442ec44214f6ffaf13c310ba376ae1cfc43596d0fb068fb7,EMP
1c36ae8fa516cab03d1c0e015c7b3167b07fb8df4491750bbf44931d,YOY
1c8e2b0ad16edffdce4bea70202427842fbecd07420f4c9032cdd59d,STKD
1d2972246d8adda98836626a34e337525f5206e552715d28379b5fdb,COFFE
1d6f28d31f664d603e4fc751830d652d6980fba8143ec91829e9528d,PIZZ‚Ç≥
1df2e2dda1d383c6dd4ab790492d8538cfe55f1d7eab33f107fda32d,HAX
1e00764c7fa28e57cd8b7c5ef7786805b96af4453d9a51619cac7a8b,ALIVE
1e174471d30ea762a6bf6ce8b1c615549f3dd066cf48ca6be6e7698b,FIMI
1e1be043e289a619d8bcd2f0eca0941aa9eaf1278701c5542b46a3e9,NINI
1e29d8901dabb4556aa564fa2c3a972f459fb71146348b36c5c2ff31,ASLAB
1e4f8dc9672d16131da6533287e32ea100b34d67543ff7c7358c7b5e,RISE
1ebe1d739be75f6641fa291f6a5af15fbb8632a11142974450d0f7bc,DREAM
1ec2c7dde1ce090ee2e75c9fa618c575b8a0b77eaeec5c7266f50aca,SASA
1ed222def904c9c32fa599a845a8470e69fa76fc42349577bb0bdf78,KELU
1ee4ad1e4194f0018dfbc665e727d3a7f78c59850c685cd5a1f55bc0,NN1
1f7f6c5b7c0aa91b78b7e86b8bdb95a3c0485f22bd61d848177fd66e,OYAJI
1fd1a22c53e08de6bae42053ce40d5c0f7e0b52b33eb728867505a36,ADAPI
200e673127a68d199251a9d17bbb2877ce8400fe44be1d39042ee053,IAG
2064da38531dad327135edd98003032cefa059c4c8c50c2b0440c63d,SPRD
20961cb03b49082567956dbfb424c743c0f66f3e085b09f5d80cdc68,LYN
20b95f87c93f3be9e5094c8fbdb924f9ab8b5e1c7bfb542d3a8bc7fc,LEO3
20c00ebe39ed12dbd2f3e84a5b57b85c972d1039cf79c70d893b6227,NODO
20df8645abddf09403ba2656cda7da2cd163973a5e439c6e43dcbea9,EASY1
2119e61a82bde0dd3e41aaffe530229b98164831a6ea2f4875571163,AZTEC
215e20c4901b84b5b817da912c7901ab7cb42a7a141d18063f25bcc9,BROI
21f4cf72b4ad57029d1a6c6b370bd4697ffccba368760155e39f12eb,ENG86
2206e6fef3ae919b93a45378609c93bd3cd1990ffa125bf09b37c2ce,NAKED
224d7939df10e8de9d57f7a443c676e0c972f9f9268440b4e5493402,ADMNT
22531954c0bef931e312836efe14061ba1e33417ea246a7c165dbee9,CDNC
22d30699e29379b381c3b6b8366b9a4199f9b6232c64709f16953ce1,CATS1
22e020d0ea6ecbca727ade58b2e048c4f80ba7ee48cbf257960e418e,LEGA
230ff0c1e3354c6085c1dbd99e9e8a73b9afa3c735e204c21e6ed2b0,MADA
2351b4ecc1e75790384f51fe1410306e2f0a6deb1661e8a80d1f50d4,1FOC
2362f0ee574b88f6dc2c6afb7bdf68005e033a3de129dded7be215f4,CASK
237502244179f471ad873612b7c6c273fb58006c5bc6b23b9255abfc,DFV
237795878bfa5352cca325012e073b344ce337a1dd752cd3d5ea4cdc,MS2
23c3d7bcf08c81925998f577d1bfd35e522ac1da93df1692a12d1e35,SUSHI
23da1ec17a28535f8b8305ae758e2548116060813663bfc307d93c62,NAUT
2412ac3192e68fa6179ca3a84cfcb080a7007e7a8c4958dc9c2c4d72,KODL0
242661106ac5aa509ba94028a5acee136e1c400e8c8cd4ad3ee29d74,MPN
244c18d1f1f3c8049344a59d504562cd3729fceb5cec8c9d450bd23d,GEEK
248459dd7f64fe519aba5aac9e25c66c627dbece7c8dd91f41025778,ADM
256a9b6430f25739a6a5a77c81a46e5afd73626bee664172a6ab3b7a,CRO
263498e010c7a49bbfd7c4e1aab29809fca7ed993f9e14192a75871e,HYPER
263578cc21e4acdfb86ca47a90fbb9200a203e45975e6fea423fb438,Z3LDA
2730ca79a60b3b3f29b709bd39c21d66cb2c83e5441c479f755d0a3d,AMDLO
281f1aa1feb755f5bb1173a59e78ae5167fea70f728219e6810f28ee,HEDGE
29ae2ec53e9933a9503a82e13b059d6e6425cc0cc59e8cc7eae10a86,ARUBA
29b4f77575cf0f0bd5507d1773fea1d64a3dee78d215dd57f2acc3d4,SNODE
29bcf1f21c766609fb07b5b7ba2a593ae339ad32e893b8df1db70a2d,INET
2a05a4a45d412e56f49b86184c6abbe81464d60fa3a9c0aee9c8ff37,SAK01
2a26f03b3690383777d7b3db5e5bc70ff30334d2dc93be067c025df0,MS12
2a748e3885f6f73320ad16a8331247b81fe01b8d39f57eec9caa5091,BERRY
2a8d0bc958e51e049141dd318b1ff3d97e66297207053049b6b09da2,STEEL
2ad1d20d7a1720d4c90b0a3b4d9a57d42b90f97ecc0eba3759cd7940,BGADA
2b69d986ba5d84c49cdb06cc35e5a3d7d8ea5213b6a824e42a80e0d5,ADAC2
2bb9f44f2e70730140e80e304b46139652678c2504f33e56762c5c03,GRID
2bd8653d350ad858f0f9de8a1ffaa4d5b867ed1fd582276c1a330c70,CLX
2bf5a031b46b34c07937a769ff6f82b6a78a25c71022eaaf1f20eec9,ETO2
2c2deee18169a02cb697de2cb7bb6037e5dff46be67cdf36bdf02eee,ELON
2c70dbb43dcb719678da00611c861e85617530f6d30a41d578573fc9,14ALL
2d859dd5c623ce45d5d3d56374d2c83397b62f0ed5429e138a0a11cc,BREW
2dabd15e4759334738940a65e06b6589f674a29347db0a36d75a5d36,sudti
2dd6fd6af3442499b23b4c307e152817eaea0303ddcffd0821706fa8,4GOOD
2df8b84771381a50adb13d107eef452caf389879741e4c1a02889f48,ADAy1
2ef61f31fa9bb81abc8cb1619b88d3af6ecfe5f1462304d8e13077da,caraz
2f17551ea621427535afc23e233b2d6a40ef44999ced2b6b7b0ea8fc,ELEMT
2f4e768d6769a2ee28b93d198f974e9424b2b3f3fca8b1d48d90007d,ADAVZ
2f5de17f4aef94923d82520eb9787d3081772bdea1264d919dcf48cb,HUG
2f606921baedcad68bbc765b9ab82b2b201d42bd35262517ce5d7d96,HODL‚Ç≥
2fc479904f9482d1b573977a3af26bb5577545014521eee513f54ef1,MS5
303a7a4330164ba8768d093fb16b6489065fa350fbcce761e3f53250,FREDO
30432a0b85b6f80b3e9cd356d8b76b9793f5530c91050c1688da4922,MS3
308ec56da70b03f64e04649545dced6d2b2c95ee12e90b47bbcead0d,MEKON
30f9a4c529f89d60ad1bd1c33c0e13c20b347fec7cac794c557efcee,OASIS
310daa501ac5ead2953ccb9cbb35d23516c48de31019b766fb560229,PARIS
32f6df36b4625d51971dedb0cabd20a6c8577165d5f15530594dbc6b,SOLID
32fdb90d73865d16463fe1e092c7814a9f035f781a661d9d43ed7443,ETO3
33502e7de0cc0331534210f16726b7c0c8407ca40e2ab2754dff0bd5,CHEST
33708d590f4549170125524fcbd6bc189fa8711fba52f8ead4276ca4,00000
33885e7e0b8352ee5de07cb1ed5e5dfb37756d3dfbdf5c8756ec4f6a,ZBP
33c5796b7d62d5d5b13526662d03f1d94e16f4ffd236386137e17ec1,VERT
345dc7479346c60a07ad4a6009e4ea49a9ccc09a6e140dc8f1313b30,ADABY
34736425217f45cc1f6e59a88bd253e50b90f47ea206ec7f26afdfc5,AGIO
348138a2f05c360a707358983bb2c6f0a4ba4b885c6109debbe4fa6b,0BRN2
34a89f77c5fcf0563d129bde9b255f20b269a2dda1561c65d418ec40,GREEN
34d2d95e6f8cb29b4d152e3b2e3114954cbb6e89d26cae2e78320c2b,LEENG
3596a1605872a3a74fc3b11ad89bc37385757ac8bc423d2f4a8d05f2,BUILD
35a38b78bf1f4b829a98d1ebf27d883b3f936eefcdfce2bd7a83c4c7,ZDUH
3626a235b9bee93c48cf0aaacb238bbd46bef84c8a32bc0969f9a11b,monad
36eb3efd97891be08b02f8cf57565f1136e00e70bfc2c3bf87868593,IFS
374c1852bb8be71a2728c3b3cdc707d047e3055bde189835eff30a18,DECNT
37683ee88f2980a7dc31dc1a637f6b6a908bc055728dbd717491d3a5,BTAP1
3782c245cbf14dc7dabc7e52fc7a2b1e7a2bd9ae8f8fa6a2ef227b85,MARIA
37c37fde7262737abd98024a96e5c25c25ab10c0d69f5b77180b1efe,FISH
380aae10d12fa3c8817aaccc9387dc850e87588b1cdf88e5aae94b0a,FREE
387c1f515894d2511d1e791161e69882ddb427ab1701b7af719a8c9f,SAGAN
38d44f2bbccd27b654e532e6937e3a60b900168082f5c1b4fe236974,ALPCH
3959f8499d5c75d225dba59c0f48e561f7620ad90e4eb05b8f66e610,PIANO
39fca98bb733eea4fa54384c39d072cd9733cfa70d7bb63ce651a470,MNKY
3a5d10204baf1e5ade67b24ea9ea44cd085d621ddc9e953db2e9d730,RISNG
3a7a11ae77e80211034ef393e8a7f64cd4e9f37c4b6d8d90deee9b5a,ANDES
3ab933859ca70aff0aa188854b65a3718c45c96fd0c6f3d067aa5aee,IAPYX
3b40156bab70f436f85a870d2da38021c44dd3b15a16ccf3a20424e2,STRM
3bc296e50585d6de57d7c49ae55b06b8bc3d04519705991f766c98b9,SOLO
3c00ba81c11fd7a22d070f1400895a548acbfc5b5ba6a4b9970e262c,1WJG
3c68076a8b81226f6d7da352dda415db00299701624b6cf71d7cc086,MS10
3d1b93d63c433ba1492d2b84539cc83bd2eb67589759677034cd6899,MTL
3d1e6611b34537690ace03b54d689eceaf01a3b6c4487f487300ec37,BITA
3d99a96f6bb42b27116758589c2addb5f4eb610892f3724bc7258a3f,VEGN
3df201c968cab3b4aaf98576d3587ed10a51097605aa05c8656f3ef6,RX78
3e07e82cee6751ff85005449e7cf13ccb86537661c1b8ad2e4efedaf,XSY
3e14044e8965189bc1809326a7c8b58825dca20f693e80c37b7095f3,BETTR
3e67562cd692e3ca1b585f0bf8cc1b1e83b88fddb191c3d6b4799acb,EQITY
3e6a77126cb65994c1f8a1397f3e9cd2c247eea64fd147eac178f4c4,YODA
3e9d3189ca1014f72f412f723d0a316010ca9ba6deab5a27b5455c3a,INF1
3eff1c9a83ed1d663dec319fb71fda828d97be87147db0898ad44fe5,MXX
3fac5e0197537b8eb5402249937b0b381f236436ad1ead40b7f6ec63,CHESS
3ff07e18839f383c8fd71fbc605cf1c075af4ba2fa2f95032b609206,JULIA
402347bf8fba7c29392680eb4100cf8ea0e7a7a1be64cd7fb01a9d97,CENTO
402d40881b1e0b8d3e2fdd21254234d3c9bdd09b046e096c5a625bb3,HIST
40445f4ee0466077a113ca730ba233aa06118feb6b04019e02a25864,TIGR1
406a08532d2ca8dd08ea39e082dc8acdc2a3b34d0c517bd0e40af5e1,SBC
4159a9cc7339bd2c495ad83239c2f1b97c8d2097eed6b120e08948c9,DEGAS
41ddaaf2303176365dc36a58483aa8aba694da490d04d84783d418e1,KNGHT
420d1ed89bb8bf46f867936b8c2a7b9b3e759d161e46d561cc6bd985,SHKTI
423f8ed17eba97626a43b85e781a098ef3865de6b6a18ab23bc0522c,HOLY
424fdaea5abb2fd69f353df22abcf5346b09879d3dbcb8d8442baaa0,GRADA
42850eb2d0c386213d60039c4b5888ecc996fc48063514cf20d4d82c,RBA
4308d4056a9af42c5d8bd2498a5e2ea215598c6ea5570b6dfbb63570,AP050
43bf2e2c7601bd6dfb38564fc2c48f5b1a773fdb4095dee412f52e50,OPSX
43ec2aad1996672f2a47de9a162db0afeaea927650c26a7c62502396,SOCY
4558d3ec5a02ef5e8900acea098ec7950f4e74f9064dabdbdd0260da,VAGNA
456e4209bb0c8b4b34c481312fcb138cc29a75a195d2b7762f5949ca,DDAY
45956dccec3785e88f7b4a2be09b6f8e25add18fd00125a33cd96931,FIGHT
45d3bedbd9e557a4fb213cad00ae87d7cea38a9534cc977a2a21bf34,NOBLE
460007a175bed0c016aa33e14f7d314d7775e4dce09121c36b93edb8,TASP
4630cc9a12c0742d779dafb0d0b92fa485481d92a1fbb27fd6f66bf2,AGMOS
464b87a1d578456c724f31b56cb0c27dd8ec67ddc29fefb94d5b6872,CSPMX
47bddc51beca48b96143c4707fcddf2c27bf84e1f1e87485fa5e40cd,PINK
486d217a5ef6e9cb5e46a19900a56b1c1f4f1ec4374b744df5a1ef6a,DIPN
48794370608c8d41cf4ad665833da210ad4fed6c6fd40b48bfad9ca8,MS6
48a0b724f48b3e95a8d99f3cdb9643452e1ba41629abce6fe59c9b4b,A040
48fd30a022a3daaed7806f5c8739516129b32146f0efd1440c1fa14a,NFTS
49be9d6c06cf02bdf84b73421509aedf9704e0914bb3cf67844ebade,SLICE
4a57fbcf474c7f99415c894386d0118890e9ff9b1854f68f58002c67,ARKA
4a820ce133298f612259ce092b7b13049f3270f5e764a0ac6f33643a,TOP1
4a8293b7b461807df7708a1a0bc15b512c774d0dcc38fc48d60b4b2b,BGOOD
4ad28817e17febf7f91f66763170fa081861b05099e9fc46fd5dfe0a,RAID6
4ae0fed71f173ce25da0754f80a1567320b1640d6add28d4264b8b24,OWJU
4aea28c68b7e71f03be66d97ddd1c1ba6be83921120d9aa61f9c8542,MDRS
4aea697c45e39e37e5d842ec8cf6c01a714e88db33a1ba0565ab59af,1LOVE
4b0a9386e29fae1d2a240bb585a7d1e94f76fa63b9ddbf23e1c72e9d,GNP1
4b38428eb3686b1513977d0a0aa736bd54bab6aa04ae815006f8cf2c,ROCKT
4b3c5c52ebb93abd110986430b2bfdd4aa1a2d5975e3ae2f4965e51f,LIDI
4b748c932c0c10ad43c0a1d2ce3159bd2859d0256323859a50f559a4,ECO
4bafc2b9423aa741faedcf0fd27cab2387de0e0bbb7c7d98d9b0f421,MARS
4bdfe221a4313f1b4a0548cf5d680f07e20ddf0a20c6f2546d32e30a,DEE
4bf2256a9ecf6acb62f8582ced612d368e96baab4b3c353ec59e277d,AQRS
4c15ba0f7f36b581e1ce18e095070695d96f584de0f00e41b16511bd,BIRD
4c8dc69f54bb2088f2155d26d66a5796210950685641e3c75aab833f,CBOX
4c9b0fd45d949741b0e1ecd9309ca8d066c5a971ce85d3df09391ca1,BYOB
4d37f7fbff135536da9b1b7ef43176b741e531573721fef8b4b427b8,ADABP
4d41687efa63deb673657e0d45bbfcfd70cde3f07321fde25882429d,HOLD
4dbdfb68de96a563719f7df2b3cf7c98fb547a3e7edca2a547d35852,WISH
4dc06e17d3e9e5ef9120db0de00c36187b6def3640748dd5cfafb4c3,STORM
4dd940ac98c8bc3f7c3b314125c6078a7e1ca0467f6649f275a0ff7e,TOFU
4ec969524032c26e3d47a29e5e8e3e5f5d45074701fd3da34c0e2d77,DPADA
4ed1c8475cc3e497bbf00a5827266faec51ad9c3cce1b02122b33cba,GRAB
4ee9e4c2ec6fc68850330dbc75ccd7ebf7951f20e1085d324f36cf44,BANDA
4f161e8a4faf2d77fa95de9d930c6543722d8ffacbc36812e1c15120,SMBU1
4f3b25244f700e309c222d6946f8e14332d91389a9d1fa134df5fca8,TIKI
4f5e469a40547208cf9876b36ae9b23874c302ab8ab263a952bbae6a,ZAZEN
5016cf588331d0f6d0e57f7f6d36d8d4f53224c77c09380580ea6430,ASAHI
5043304bc71793312dde1b90a435f9788238ec054423741b2f9e937b,ADA01
50de79c63d672319e20be59c620eb57ed1de8b7cc7fa489d8f22e353,FALCO
50e113d1ada46a83a16d5ee6cfdc1a8baed6634c9f046ed30131eb11,TERA2
5175ee9d87674546f82c0deed9ec0f87c68ab6337b83ef2928dbeb95,PYUR
51b42577654982ef40ee4c8306b6b2da9947365a5261763de2584c3d,MIAS
523484ee98a83c3139c66eeef334d67f96467241d34abb655baeade0,NDE
5254329935732eb7c5e674ae1930942056357a801a81823666a7a563,FREE1
5262e4a2d03c3c8eeadf5cbe53f49f9121c8a168c34de7406eaf9ea8,SIMON
5271fc86fd9c25613c138c4aef6f8593b2952c95897b079facebbc9e,RDLRT
532d1ce67115629be0fd0de2af690f0bf37945c3bc40ba9b7d377ca8,VENO
5370e250fa08c07881085a59d339a1240ad7561f513b71b64491a001,RIGHT
544f3bd05446573ca9902c174e27ddada4578771efdcd90b48e541ff,SCI
54a7cf8a1e91ff0b72a3577c0d2f39d2d7ad1fca63ae0b9e4662053d,1JPN
5514fe0fefd18e1bb215c3a3cad254d6c480799fbde3c5858d9fad8f,LOYAL
551ac8adfb28d1d417f848ce663e85627ff7d0b62746c7e327b13ed8,STKME
55962d29056c55303f0db16442011ab0392f7e7b37bdaeae97a14f0e,CTEC2
55eaf38bf6eb1c6755d67175b59f93940f09abd6792d525c55089903,FOEQ
56553cb0fcca695abbb710ab06b3137bcd798f46abc326f6b96fffc4,LADA
56ad834599d1b2d0b6c746ca85a21432afef2f8ecd2f29606154e17e,ADAAF
56d9cee9f44f9ca440af6d0ef23844224ba965e4a03427604affb4bc,PBJM
571082807a8c8363d3193290924e07f366e5ab3d604107e6663ec130,MS13
571b0be3f126255004d9828f37f11026551b9ca391c4aed3b05d6a75,QQQ
576e0390ac54e3751afdaa8aa256f41b84a6324006f23991f6fdefb7,USONE
578ce876fe97ffc5f2f999d9ff4199a2bc7bfaf732e648471fac4ed2,ARTZ
582d833069ed6fc3835b73167082ffc91ad922746cc74611e5881280,ABYTE
585a5de1da253667d10c28d09b7f447b20d83810381b936d27641760,XJKG
588b679644fee76f545eab14b89eb0da4811fb0e08990a41aa7523e7,RND2
58920efd533bc451664937d03c14176b0693a1800326933f3abbc6e8,FLOW
59716910b52b6c5f046986bb321ccd910056f3411cc3f33f53aa713a,SWADA
5977a2ca8bbb156c964b2def041bfd456a2f64615415cb6023e3aee0,CEMA1
598857fb68d8c13616657b11813866cb07918c34632f150994e82094,COFEE
599597342dcd3f6d188746698e1ee38c0523daaab650332a06fbab34,ACCS
59d12b7a426724961607014aacea1e584f3ebc1196948f42a10893bc,DEAD
59db640a870601fedb539d3f4954007332e76e463d1265c096b69c59,GYS
5a0af5c80ed8456b182c81e63fc6278a0b3e6e0189de3143730e9aa9,TADA
5a7829b1b10dace5974070b8360b698d448e2dfc17425c4616078355,help
5ab3567bb2bc4e0bca0e077ac90130cb09ffddbd5556a82b9a65e1d6,GAJA
5b6524492e17cf554c620fec9eda55278957bdf869da6da8525fc72e,APAYS
5be57ce6d1225697f4ad4090355f0a72d6e1e2446d1d768f36aa118c,HONEY
5c184a0e4337d651c0bf47556c09e727a25e00cc03f31580b53ee8f7,GIRLS
5c4d9fe6ad19e80178be430b3aa1b872f1b830ae64cb227586b87110,EET
5c8751066db31d6745bc8a58ba1534de67a95f9962fc309b4673dd8c,SUGAR
5d2d3acb3309396cec6dee70da6e2e59ea18a722de2fd7a667895b97,Cr8ve
5da26f7b33f3debb55d5f1b676086f0d4afda8a0d36d35fbc1ed9a4c,STKHB
5db8a93c814f29fa4dfc9f60038b1cfbaac345eb51366a8072a9e3e6,BBFSH
5e5043308c2755f801be72a73ec6fa8a52d01e9f7b0eb456a4cf6def,GLAS
5f7695d1fbbbd92dc6ba697fc860583a4c625e82d26cace7f13c06e6,DGITX
5fab8b03bc76e65ca684cbefec51d0425b1d08caaf32573255648b4c,ORACL
601cc30e2a9ba368f80e21e4a7c55b9852157e63902fa9f02cc45a91,ATL
603749d1b47c79cdf3072c284abb9810dd98afe827d6ae2b92f115ed,BIO
60787d6a9eadce8f0b932c402d1af4b98dc9bf7f56606989e8bd7078,ALTU1
608ab3036db99d94049ee0870e84f5145e5667370323cbd61a781c6b,BIMI
60cebca27392d89cfb79d6803c5fa0d731bd9999d767ce102e9ea111,WING
612d13564afa472a90eb51d46dbb212c743b9d0c53003b1917daafaf,OMWCP
614bb865b1902f54b540209b37ad404eef1db1589a5d9eafe7a6db71,Team Discovery
6183cafb401f3e2b595c2fb3bb2616de1523576214d9c0b9e24d14fd,SNDC
6203546515044a16c20e3b57ad97185e45151d44674a4fa9adcd7c0f,MAG1C
6206412e5fdbd03edd48a22686bd9fd92a289070dd5577bef32ebd9a,KOKS
6230e43f5f211ab9f2c4f90c971f78f8d40e614ee5d7f009838f3e59,WRTAH
6255693643d2dcb804bb89effd50d8ea743bbae07ad62a3b5174ff25,PLUTO
6268cc4f99059ad14d229a97b72ae8327b444b8887e2ca55f9df27b2,FOMO
627a4ecacdc3d0e3fb5fe9a8cee8880a43069ec2f46d5217decef71c,KAYA
628e6fdeda9732cbc61079581cf8e2e7b06d6f3219ec7cccb5861ba6,BLKBX
636234f3f689a36d6fa9e41835cc44818a0b6118b40bd9abbfc0774a,RAID5
639e30418933e68c2fc84efe2a4959aa3a1d41a50b87bceeeda9cf92,MUNN
63e55290df7aac08067e36f374bece3e5fe9f30a24618f6860122d67,SKY1
6430267e43014051e13b1d4ff5024ba199fe453b63630a57b3d00b4b,R&amp;M
646cfa9534e90338aa8988d93f17daa638c00d9fbec04148f1a2473d,ASP1
651151eed67c4b506a0e4279040a5210d85ec88704d680f39bca2dda,COFFR
65252f1b9b65ab99a1cc00ccb7d9370b6dcc01846ef7f7380a37b571,HOUSE
654d96593e499e70889eeae16a15ad8682f8349fd1b77726bbbf8a6d,DIVY
655c82616621bf8495e05a13f14d944d538deb04788efde2f85e6cb5,CPX
65756dafac82c94f741f3aaafd164a0e9c60e0368c9546641de7295b,JIFF
657a108e48baf24539e8760152a66b58c4dd02878a83e41ba5c590c8,ALAS
65b0f6b38938cc3c5cfee6d3d2770847c773a4e7ca5e9d54c36f334e,IFS1
65d6590d6d2d02a346afabff65413cfb55d3d1fefe2db2bae4dedc51,GOM
6622bb2a073669662fed0eff7b22539af53b7ff9610901659d0a1e07,WizOz
6658af81937bd21017801fc1b89e2d26af75d358a71bbdc40e1907b5,ARGIE
6677b2ac1ef702d2ef4e5f3d96b8ee5cb9126e7c015c2ac7099c680b,CNT
6766a28708e6563d21d3225cd522a9d1c6b8b2c85b385749b2799c12,NATUR
67811343a5e5722eae70e4f8471f55d27114c192970bda1a278d1bae,MAX
67eba5835b30229a62bb565468cbe3e716ecf6f3653adb488a842c4c,AAADA
683e89fa1bcde139504b11fbfd914f8ebe9b8db2678b3da0abdcb2f1,POA
689a60c22ae02ece9405e0cd5fefdb7ceffc0a52c61c42d9955a9b1b,ETO5
68ac3c1be0477698b5c825ce598cca359dbf6132e1761a572403b9fb,ARTH
6936fe0511eada38cbc229ce57dda32b8db2a27e237689b46afa4228,LGLP
69515a7b5592e42ea07b2526d58cd50f3bef9603aceef3fe3b042b13,SS63
69e9c9861cdc0db056c9611e11cb91994f16063d973acdad43a2c827,TRIBE
6a4a39566f5c45f0f6de34ef5e674b892e517ddeebd4eafcfd8583ef,VEGAS
6aa8d7e1faefce8ca3fd1bbc46d660bea93740ea6f98fa906c56738f,COMET
6ae0fb9fc19ad1b82521d6e4b9f6e9bad4d150529673c95c5b5cf4e4,DSIO
6b3d0a2675d95b9c9e7861a97b2d3b84cdaea08dbcfc538d2d04ba2e,BOBA
6b6164af70861c5537cc9c8e50fdae35139ca2c8c6fbb42e8b7e6bfb,SCAN
6b72593332d4c75201339fcd42366f8e84cf106f29c950a810f61935,PWP
6bd9b29295a7e24520a1eecd5a5ab9a94f3ffeed3b89551cac71f6bf,PLANT
6c00635737171bfe9112a07d4c857668a3613b18b14034aebd03d5da,STDN
6c1c1fc2b1e3e1ac056f6dd4dd4c3b78e66bd01896ca6e98a4d2431e,RELAY
6ce0221601e7b75e1607902e5a6c9c0743c93b12e50b1c830247e9ab,WOOK
6d043d8910b0050cd4f497834c7c8a515e62252352c802b4f3458443,ELLY
6d3f657a5fb765a69bd36e4d216da05ae979cc26a2955eb8478932f6,AHOLY
6dd356ae25a25f87f253863a26098ef4493121cc5a696a90b82bfd77,JSP
6e8c50febc151bde603d07e35df55dcb8669fed81db9dba4bc5e87c3,VapE
6e8e1d76db93fbe6d03f1e373cd93180c988748f41546af45029e834,WAGYU
6ec027701fa6c9f4a593f7e7108cb2f5af54361080f7bed1c835349d,BNTY1
6ef9debddb00dce3575e0d4e9e1e24a3bce6d8c939be826f69c7a369,BORG
6f5a2bc4fee4feee47d9b68b1b90bdf3aa51a95b1ec7f291e9926f70,CMINT
7004d0436f52f905c68d6c23cf58938fa3b82b6193935e220f0183ef,BIL
704250c3f9c01ccaba43aa137c4185befa811cea0693fd736ee04e8e,FUNKY
707725a41873178814530f39fb14a4b2842d05377e2b62a546fe2014,MS4
707cc05abbb19ee7b8c2090fd65d2ba81d8469e6fb5d9dab972cea17,BEEHI
7095ee942c6aa5d594f08fa9f377b2f00c4abe96dd58209e2e9d18b7,BRADA
70ab9e73071c50927631a218137d53e765665a578b744feeae3c5d81,FASO
70dd293f78887034926b8b06779137e7f2460b208b8aa3fb3c22fa31,SPAWN
7113de447fb62c38e3e3aeec434cac6fc76e05e997b84227e9c637b8,TERA
71375058d06033230275fd28428bcf3eec6c47404654706583605f4d,ACORN
7138a8f6e3983e7be1e4a48cf7915964f6e7d1aa19a6407d00057e68,USA
71499ef7ad908b4d456955fd6eac7fe4986991cde9f3f38b5abbd58b,SUI
718a38284f9f04d87bb22b5815bb03e183c5de2d63138eb26e1eaf69,IAGON
71d60839e473397515119067d0be2be3512c20849b4266331ef5333f,HRC
7222620a18354017b6a2db3f7f5a0e3e38106279473fbc8befc07de6,PrepU
72af8398023064ef34ce06a961ec1e28a0e631bb822070bead939676,WIRED
72e73f3e6fb2d38baf577fbd85f575e8d884f8e10e8020fa5e2e5d0a,CLVR
73109d55eb777072787d02447bfc02ac3b22394848706b00ef71119b,VINA
732edacd3adf46a33c5dcd94bcebe0b0f16b17665cb0bc8887f1fb11,AD247
737929797be1a93e3a61cda089e33368e3b91f3884b0d684462a32ec,ETO6
738585e4df0f9fb93dec66a9bfddd770f309d0f029bd2fd570732c8f,UKADA
73946f2e9cd318983c5e846a1d5f0b828a49916861a6ea405b07457c,RLABS
74065cdd69662b8844624b3549499e7783989a68750fb5adf935658b,S0716
741425d146c2fe4b9fccde14824268b233cd136eae6d2e8573fec1ed,EXZ
7472e0960f7e59253dff9ddd0245b69a8898b51e103dd0c95aea9ac6,STBL
74d66da57368e12f12bd07f303da7f8cd3c2494af9e32e4dea210c58,CB1
74e1795dc06165e4a1b55d8930c00379b029c2a145ff225255154129,Team Discovery
74fc8f26079dc13b5858ea45cc7f46d403dd0e453bed6b21e3c4c9d9,AHOYZ
751d0f6979f4432be43512cfd35d43d3b02dbd4a7a0352a7699cb626,AGUA
756238399d566b7e7c7ae90ccaf7bd4bd2261a52a60f665286ded5de,NWZ3
75adedfdd95e828058a86f9fa58fee55193e17be22183e23a17c1d2c,ADAAU
75c48bfd17b701338131cdc3b8f6a3e218f31b6817795888191abae2,BULL1
76b223c64aff43bf8b8d5f38e22365fb96a8a9f1b6412a467e249ab7,NHOP
76c5c707afe9a824bd946d32ec99959ae05f8bf0e8290def11e03a42,RPI
76e80e1b3f622c7051f222453497b0667e12892f5d94ee565d17dc52,EU01
7738aeaeb8c4013ff5c503cef70bc47dc1edd38bc7d299267143d8d5,T600
77777008d89f8301c46303111a39d276e470597362093c494c113a03,CHY
77bacb7cb880adb3174299f0940dd2a0380beb376ee412e650172f94,YNMS
7811d7ce6a7ae17b5197b8e27b389ee99f0a9c152891dcb15541b75d,ADAIO
787d769117dd93ce1b21ac3f0fb250526cfbe71703badc2a353e7485,SBPIO
7892c4b910d8387fd224506a7bc86ea6561309b4c3e431795e478f52,ORCA
78ce8b6855c8651d0ffc746dfb52cfe09386e1e37171c78b8433a9a0,SIMPL
793bab987086c97fd34f4009dfdc06e36c84c9bfc3f35b0dced39d92,NKR
796ab264483c464e2df3add039a8cd04e3eed9c79f45507fba35bf02,CDA
79739d3b249d15d733917a20176c3a339d029c4f6dc58729a0e071a6,GOAL
7b35cbf89d9a9a83f16e0a383969778f2308823b57f08388bb32e786,SEGV
7b3d7f57b55b1d2690c30b0c823c2aec3caa6a4416ee942c0c2edc61,PANJ
7c0e6a957cd3b13cea2303348dceee0e115b20e3ac233c3340f70c6f,VOLTR
7c5ec13dc6be50f6b3a319efbcf599f8602d868a07310d1f1e760bc4,ROMER
7c6b4a731eec6bef00e16ec4c990e7a817f61597dab1033006563ad7,EDEN
7ce59da0bac7f64b40fcda60a7ee368d5ac8082d81f2bb75fef9e01e,ADATW
7dcb22dfa2dae022248b27b3a64a3c80f4c7c9a260fa0c18d05786b0,RUSH
7e454e721b11bd90e839ceafb00fc5153397fee81373f1202bc9ae53,SACT
7e82a949dc775005761ec3446a9358261416cbdd8de2c6530cb3270b,VOLT
7e9b82b51572c2c3b8965056681a1f232a1f6a4e45b148ed5e413e7f,ALIEN
7ebe7823947b82e8cf60b6eff40bf4c616eaa8e3e676a185d2b7d15d,UUU
7f203d750f8eb9275f7b3d2db3b9f0b4a714862d74ecb59e12cd7e96,WALDO
7f8096e50577c2b2926b47b547d84ceff5dbff45d486ac754ff6a3cb,SRP
7fa66ad59af4118e9776fe9120223f7c59de5e98186871ee90bb335b,GKRPT
7ff2b54f311b6774e82cbf780c413e49e37b7501afd30f154918f7ca,SWELL
802441a365ac93b54344d716c1a7db865c1c0d33cf804f8d29cdb0f9,CMAN1
804160f722b72369fcbc479661fc8219ed66346fbfa842095a560da4,ADAC1
8139fa7f71f09e525a2462a253b6131795418fd90c2d0234d805bd94,BNR
81c21ece04d545721f3146f84facd1b89344944e82bcc2ff2ebf4447,MAHLO
82556101ab923208e7bda4becc9f77b1caf97d4bfa0f755e08d1c089,ADANZ
828194edf77d6a55b5d0bf9da43bdb996676c5d538b9387ccde8be94,KAZE
82bc9685ac388c74feddebef6b9ff06f166f9ac816a72c388750894c,VGMD
82e5cb6e4b443c36b087e6218a5629291585d35083ce2cb625506e1f,WFL
837e012e04065b6094ea42ba68c0323444483a80b85f756daf56db84,WHALE
83b8495a77cb960c6ef43c6520b3f8fbc25b96e35d3ea4c58abff48c,ETO4
83dabb5708407d2ee83b43056503d283cb5e97e1ecc195b81dad2e96,SEEDS
83ea16a7f183288173077c54a1e2b3cbcd0f2336e1bc85e2cc6397e0,MS9
842dd6ff41539eb5a47a7915082458d8e7d592ae5e8eca23e26c7346,ETO8
84c9de7f612d7a6cfbebd805fb0960997a65d09608e4b35e2044e34c,ROYAL
84d98dadb38413a59d37878b58f0dbdf25f5d527291943e03ed94b80,INDYS
853fd2c733aef7289631c29573f3848009f8f4cb8bcfbad17b468daf,JKL
8550213541d21b1eadbcc9807089a115202d9f9927b139ceb162234d,HAS
8566b0730f36a8a326d024e1d2fd976577e8797269abb222523bde49,SSP
85a0503824424acda33cbd675ec611d5a34c44131782da800c750eaa,STEAK
86260f38a33216ac57fd33c8fc5df9fa9650cb044a6f71414d4a17ea,ALEX
86d56db6754947d5c6dfd788568c189cc188d448aa6bc4ee634f655a,LTES
878b802dd6a4155fe216cf9f5c58deb283d44cf7c168333091325bdd,UK007
880f6f960fb7121fbd92dcc76525531167fcc6c5fc43315eb3ca3a9f,TAO
8875e01215177b4506e9644ad6f9bda0aea6306ad217e4bb6653e1f9,ASTRO
8881495966f1b73427233aa761c0fd04adfd91b3599a012d7d845472,VICIS
89a5a5073c626ed32a9ffc4a333dd94bea2dcf71cd46113b4a64fd98,CUDA
8a086b2cc0b9f9b94e2dbab962cf98ee27947de10e20942a3abd937c,OGER
8a56a8108060daf31cb7c121660a2d26c02d1bac06aba32904f17e0d,VKP
8a75169b8651aefbc1cd182b44beb5d602c74be4c624195ec9f6133d,TCA
8a9649707c01ffd908a80a289bd6ef9901c38c4f5ea5d8b27c4a3712,FCNET
8ba11724b0b39f34223d166a752da604269db13562095d6386a14bb3,8BALL
8bf855ee961425617d75100a72c2314cf349941dbd9b8df777d1cee1,HAUS
8bfcb5f0e0b1f9b2481542c76c5c9651e17711236d8784493b0cf8c8,PARKS
8c92ae1a56f6158fea69ffd931b5ba832b9c80a2638ca8f22e1a4beb,QQQ2
8df1ec97a60edf8af20f88dd8714ba59c44152b4505f70f759b848a1,AZER
8e0bb9b126acd8e65a023602377d9a7a6f15af394d1f7bdd852182b8,DARK
8e8af8edf6ea15ddfd1d5103811dd34f9b4a28082517a6094107c5c0,DEEP
8eb7c2d29baa7fa82c4028e43839c55192b74e433d0a5f0896c809fc,ODA
8f2b4e9691fef2721e34cd3819b401a3c673f9b7ef90b5699abe3b9e,QET
8f302d7bc723929a0778ea2a1c5a602a37a93ea05a2faa6385c536bf,GLOBE
8fc544452fb652f2ca9267dd55bda0f665c47e803c2ef19c84e9aede,ADACP
901365128eb65b5848262c0069e9bbe2cf702a6507c7926c0b09b98a,ATLAN
901c5c323e73f39731a38e9cab770d538aebd38eda89166f0f4eda9c,LIX
902303e776dc62a9f98d8ce9eeee428058b8dc88bd5c0810318861c4,OWL
903cf3c78bbbe3008ae8a751a4250855786d265cbcd076494e688f2b,TINY
905317f5493afcc842f0a26aebac87491e3c76e7c1a8073c9ebcbb2f,REAL
90536f1651608d1bcc2085fe52ecaf05a3284ab743c3b360f010ab2e,THUB
9061ce1d18b858f11aac626a5cc14ded78f04d7788586d3b5c85745b,BHIVE
90722261a7047faeaa946b0ee5f9815d7bd21fff076cd9f996e6e907,100x
9084ebeb011e610e695068a74fa883dac5eda55faca77107b5f40064,DOC
90caf0211fec868e9c295857ace58b184d314e564790c18279bef550,BRAIN
90e1b6f74ae747a8b8736eda88cb816af7b5c0db9817ad0e3bdc62e9,AHOY
91991d9238f3f270a46fc237acc3abcdf2456ff163c1639951d75d15,COINZ
9242098f44c84674782c9ba1e255c40be04a56281103b389b0ab59e8,GIVE
92f3de55bce1ea516b8d75bbb548410e5426c7eef902fa0e3efa3925,SBLUE
92fcdd76d1d9d13910cbe1930765543984e6f4ef9b7efed3cc6536a1,CARDs
9390bd2c8d16935b3bdfeaae6301c203f67806511e492e3cf3dbfc69,ITVB
939a4283d2ea1978abf8b5d44c42acc3329dcbb7397c3e4c312adc74,MCTS1
93c22d724889d9781937e69b229626e0e38ebee5681e97884e4d2156,RKD
940d6893606290dc6b7705a8aa56a857793a8ae0a3906d4e2afd2119,WYAM
9429e7fed8869710ba128e5bd788558ef1446caa577341b4d84ccf54,ASSET
943fde2eb40fc5acdbc81c88230b56123231f83453eb72c023bc7707,CJ01
947a2706f7d69d6d6523cc722949c7d83f206e66cd0032ac89dc9a0d,VTRA
9495762e111912925166df9cfeee225fa1e866ed49c637273096c7e8,FIDA
950d11cec44903d1372034d73700f81702e2fd8b545f1eb74dc4d8cd,FG2
958b3eab7c515cee874108e0fc14f288d97ac99d2d134dc6e69b807d,ÂØåÂ£´Â±±
95e1b1dadc8378b2aa63991c8575a8d939ea9878b10b1ba37ab53e06,GOGO
95eb8ea6bd4ce4d44f27d969d6b6e58e7c24e85f999e1b513fc309f8,LYDIA
95f1d79308c7ef88f727d3fff59d2e5a19675435aedf6bc14d4d0dd7,BTPUL
96275eff5bd2aef690184859d1abca6839c04ae9dc0987f1c1ef3755,TTMA
9679adda758c30723c89a49cb49348a131efec8b8861b52ffccf8294,TIGR2
96cf088e26056c1ebbac23cba183f92eab937f31f99d30b0da53a537,ENACT
96cf541540c4b919b3ab4d12c319c59bca1b662a2aa578ad875194bd,MKBRO
971efddb839156553e0beb5a46c7f328ca7b596689e43c8de209d594,AMZON
97a5bd715a0e36785a86ffb367f4ae29e2dd7a20ade3eaba872ecbd6,DRP
97aaa4621cffb87c3e8380376406cc9501d6c9e1cbb459e17cd60602,BONE
97ab2a5706af3c1e6945bc3cbcc34d8a53b3de7838b30542e9f6ce0d,AIDEN
992fa96053b40ee67f36f0fc3fb105ba71748004670312f116d8f564,HNB1
99740fc5585c7d33b9ff2b5b79e14b3ad8fe11bab72e2e74fc313513,THC
9a1ee42a9bb36d8d8c82bd1b8779e17d74a17a0cca0c32e3cd55a980,PIZZA
9a881d6856d6e31820f653ef066ec55bbc6ce60e1370935e662df659,ONE1
9a8d00d4b51f9a2d0da9a0b656035c525a0ca0fc4243a6bd46ece1b0,VSETC
9addc1ee114be55b0334724282e2ffec09f0bffbe3bcadd533d6993e,MANGO
9b601a5711a0fb8940d3319128b53f4c4a3f5be10ec3bf0a1261447a,LIME
9b7854859e08f61d0f56547e2369380cbecbeb81fc5c745fed242baf,STAG
9c2157ad46bdfd35a027c77d1e28cd3d8449c5a85a4b24dde4a7ac6e,BEER
9c84327ad8de82f858801d2f699e55a5714dca44cf589718c4588541,NEAT
9ca1acc82c6d971c673ee1f3601393df13b3aa521e6eb455466a8fbf,SSCC
9cd2e5e69fb8ce334899af4fb3d86ba261cd260a444a8d6300796600,IFS2
9d08bca04e8e670c25d559dd09116312947ea19b2e226ef478cf8289,_Q_
9d217694cd5d60a46d5e49b13e665d05efb0e433d62ee560eab027c1,ZOE
9d5fe5cb9a240d9bd037eff41c02d8b722e1770608f3cea8aadc1f53,RYU1
9dc1de239300443289a9ae54c484b7e688f461dc30df2652f34b3a48,MOJO
9e85e1a7ca55f208d18a699905a5d9121ab3e18fda56165465974917,YKSP
9e94c51a0398484ef58ada3bc70a757f0f748bac5d14f643b9b89545,GUILD
9ea2e3dcf1bf17676ace756eccbad17fe4c613e9757ecf128524daaa,HWC
9f35856900fe897987a8807535bc37c474c4c874014cfce47ba52354,GDEFI
9fa14b049b735e287da702a2b0a7c2a6612e81db9cc4284339a6a2f1,RABIT
9fa36f8ef20fb222a4cc159c14d8ba3375ea2b83093859cf006b8b19,SPORT
a076d1ea6e8a35bdafc3ca3290abe334672edde80ba1306fc5ae2ae8,MRQR
a07f6d16fc809cbd6c3dd8bb8e3fdc9e874e1cacba480a359b3f2252,SSS
a0872ac67f6e234f4fb07a3c8fede5702eb264c686ab0b028adad1a8,ADAEU
a08fe0a8ba2477ec80e17738704357532ad561733448d53001fe966b,MUEN
a0a4ff7435e58f9435760cb950371671cec3dd094e439745c8f75fe3,GOADA
a1488915431556d506cf10c5ec2ada11ddc8a860f0712afb3f26f268,MDFKA
a172fcce6d32414b03081634d93e9d3ff692b996262fcf82107fadf0,HAVEN
a21b7ab95ae9b5aef552a66eec3375d7611919ecf6efcd78e4f6e80a,RYZE
a24a0b7f7dec890db8c59c47646290522234a522a98f00cf2d589a80,WEQNT
a2a7050e1ef0618dc76bdcc9bbba0c01f88fe1b88e19cc3218acacd8,TETON
a30c522e7612339f6a5591a0e452ed800f7b24770bdb6d9ffa0c247c,FUPM
a37460a9b761e67b18f0262ad18f80263f6b6d143c33a9873965ecd3,MAJOR
a3cbd717c489c9fd603ddb022650f7b971af986841a10274ab748a9d,HKB
a3e71398e80739522e907c35b8f652064e5268e62e9b78a9603f6b98,ETO1
a40409b846e69a8c3f3b1a3aa20e5684bda0db354eb51ce02467ee13,WEST
a463f246be423fa966aa5f7dff358ad2ae87fa670d487645530a19d9,MONTY
a4b0555a23bda1d8f125543fc05ef39e5667d7f52996b87cdaf5b861,MAYA
a4b95b2c1b5dfa560c95da6b5b8d41824eff4ebdc5e5ed08fcbf5c87,S4M
a50d1fd3cda9b9452cb149474a601d24332a870a6fe32b60add3a98b,SPRO
a522e3818309ba617a48c5973d78a04395cd4ce5d96940d646458c9e,VOLT2
a55785ace3acb340e47f2e763690d5e61e1d568ce2467ac55ce472dd,UNIFY
a56e07cb5cd11a2d2b6bff3c6ecbc7ddc79205e2831560792f06e795,CTEC
a60950c7a6e3f7a8247b34035d0a98cb0d11f2d04ba5fa9fd17e1065,TECH
a6bda93bfbd23b3c252282a482b1343385b804965bbd46feb6ef3048,THC3
a6fc7ec669c64333e6c411b50e9c99323d8043391aacbe2b49f7cb29,NOBI
a776637786bd5e5763983fb2f5f209172dd7b92c35cdb0af4ce20088,KITTY
a79f70b1c852a7b3f3aba3e9b952fbd074256a8a3cf8e60c7e1d277d,NEXA
a7a12c53399bc2b24c73d656b36843523e776ce4dc96ee107d6037bc,LNSP
a7c31f27cdebd1c96b4a960c47e498a961441b8dc34b191c02acd386,SCV01
a7ea1f8a2357f74354ff178e1bf8173b8e5137d970d1a5218e67b9eb,CPAT
a847c5b41f9b73f916a168b577c492b9f0a00f6c40877aa6ba98c935,ADAMP
a85c94aa97ff9ede43a2962d2030495c69976bcb8c4d52ddd2dd25e2,RCN7J
a875fe3eb4abaae069103192b0345589a2be322bcf2613d91c79d7dc,QPO
a986cba1163a561281d6ee6073a8e578b1d5e7a7293dd21d77e1ecc8,BIDO
a987503fcad2a35e55bf2dabaeed9542abdbee4a9735552441894396,ATMR
a9ce9a0c5c87ac1e4443d09c471f6d23c72aee369c20ca1f33e0d103,SSADA
a9ea2055f6a991a2ae9415520178e216a515942cfbab26ea34768aa3,TORA
aa1c56d0973268bd5b4758181e96971f51cf1c9c20fdfd95022b4ad3,EUADA
aa3c4307380854c5aa93c7b725a4e0a20f38e94e35a0c098544dd71a,EPOOL
aa3d1049e013e84d811e684b63378790fdce0b7a16a71938c1602164,TWIN1
aa6dd7ae211c87f6cadd6031a641e224d00f49c5cb736a7a502d5056,STAY
aa8ce95c3862c3e5f6e1dccebfcf36f4379484ae9eb42d7a476483b9,EDEN
ab60e74d183c8aae66c557a58cb55f4e3d8a87b5840a8190b3e1477b,VRIJ
aba9d859486f377801d24acfa05c7fdc5fabb083f75e115ece1c0539,PTP
abbe323fc25f39233bdfb603b878f268a61d71fbbdefcbed581c13e3,ECL
abcd27d5ee8f838e24cdb8653cbe309a86d7a4c48576ac3e0893a810,LAKE
abea730f5c32157c76c876597d0b7093d50754d0274d67c62d7434b9,MSTR
acc4bd79e795648e5134ec8c80bc2d486aa9007de6e87a348a1f98ba,BN1AU
ad20497c11786fa78dcee2e7c327d10bd456751e583cb6564993fd3b,G4UR
ad35f18c2fec51045b6433c7b3bacddb6dcf51696ff85330294b0db0,ADPL
adfd8912df98d2a27f9a428472ce82c5b2408dd1d7e0b77beea59807,HIMAL
ae8ee8f5676a3c3aadefd0ee7adb57ebbd39dd7126c8517e718dc4c1,H45
ae96cb925985079c1108a412e810be1871d68cab6dffb6eddbac9adb,CROWD
aee1cc55e9c498efa91a4942a698caae6d2f0199dffb108ad6ce827d,AMZ
aef9b993cb2fea46cac0b7fe4f98426392f851792b39206567566029,HUGN
af05b844017ef66e0f56c8c55446c6911afa3d5e3b9043ec0d88786d,UCP
af61a91e660d04e35e852cb7595d937e825e8f26e8b124aaac0e7b2c,ASHA
af6254651bde1e60fb9160d5f321010de5b2fa794e9b1a1163e592e0,ACID
afd458ac6ca85bbf719e0a7930461d711893edef07d3cedf33c4784e,BELGA
b00701f9efdab5e01562a85d51cb28d1676eded477091b59d5f1494d,STRK
b093e139447d33ef91bebadf3ff2f12a45be0f6a77190bb38bd7f4b7,„Ç≠„ÉÜ„Ç£
b1275323971b74f7caa42d99680562958f6adc541b70331a20746568,GDL
b14a49e33d3ac050a73684484d925a4ba49af4267c2a57c9e5dd49ad,PUMP
b14d2db38d2f94c9a0f1d68bbb333dcb579e84734a7e063ebe26b5c4,SXGRL
b163df2fa2b6b9723c395683de16ebb9265b6d6dc37e5c8e96715c75,LIFE
b1928afb707eff012ee1a48fc007600ea9ea49f34f2009e6906f9082,WAVE
b192c61f27e17034a091484e5bff17cdf8b1c805733d7e9bcd3423f8,CHAS1
b1b2d76b11afa2fbc6b5f89f078b47a9defa00707975f3fd4ebe1df2,VSET
b1f66fdf23c559b4d8a1d9a0f1d95e06f918008f441b8b550e6f054f,LOFI
b2aaf3468062ed6d5737e78c598eab8f96b16e0d47452b4b2191fa12,BEY
b3a1107d7d175be562a37aca06aa103e858c885b03eb3b18f941e85d,CCAS
b4122e4d02a6986e9604d5c74ab2974e80638f78e6bd1aa01b883e6e,EUSKL
b42eae6ad659bd5e2187975a36816b712422bfd5b64ea32f52781096,Team Discovery
b4b13182eca340d8454021c10c1d298388a7d9cc4bea9f456d8cf991,2six4
b4f0bba1b4481c76fae113cee9ec2d05df939e1458d1f2f83dfde089,XSTAR
b573268bf369e3f3a4e6dd16fdd78ca01eb164c1daa29d611ef885d2,MS8
b59cdd43a43adc0888b98e994f75ae7aa4a3515d861bacf3662504dd,NDE
b62772f5982c919ff658977c4d3a0c937bcfd8127aba2c405266e217,MS7
b62d1be50110f05d414531f289ea5b1f64d1b21f07da4fbcb09af8a8,ANMNT
b64d4c9e28143cc3d452beae1e23fdefc73a800d312d9874310799e2,BAMBO
b6a28171a69e2ec9ca987af5053383070f6c9ebc0fc7e9e7769883f5,CHE
b6ad3e6e873a7654e68bdfe5922c86d506cd5e9299fbc3aaab3e84bd,ZONE
b74e0d6c8aed1399cc2354f6395082df55e6a936cb0ffd85202bec61,BALI
b75a65868d3fd3583e423833381d104c02bedd3a83c9392d92e421b1,META
b7bb060d4c6a8f2339544c2e509b165d096eb6f33f3b531cece44ad1,PRIZE
b7c07212231ead5c8bdc75842a5b912709b8e728d2153cc4254d6f31,HKZD
b7ff8d79337bc800a52e3e4ad04ff8ef7d18dcbca4dc62f9975cbee5,KEEN
b83ec9c4136a2d3cd15cbe691afa7f2437bce3d1240ac6f2c5d0e159,ETO7
b8d8742c7b7b512468448429c776b3b0f824cef460db61aa1d24bc65,PIADA
b8fc14751a1460030c508699751e4a6d008188e7adfad506b6e70bee,ZDD
b9147445047312aa139a331390bba715eebb58f1b66c96e660e48986,BLU
b91e740582b7166b2238c19dbb081de4cb86be0b27ead58401510c05,JWVN
b92012c1afbd6c7ffcf034fefb4500eada5e98529f4d0f54e7db8a81,STALE
b9b41478b2016c6658581aac47346e8496481da45bebd2525a7dde39,SPP
ba0ece7ab72765406f5a240f1c3d1b1d6b2d690ab1e0584e15badcaf,FUJI
ba67e271c925f7b066a00f4c9cbb9f27b13cef1ab02cca4c245c8acc,AMINT
ba811c13f9290726551a031c020f74658a0944e85826d675810275fb,REACH
bab5dc030b90b82b3ebc36234dae99eb27f1d1c4e83acdb4176c60a1,BABYL
bac9545a444bc6868986939214c6afd375029b14d22d032b85f9a02d,DURIA
bad3503b7459d5bca4169c281f368e8bc76399ade2c958d598b8157c,ASING
bba7fd2a907227f0d1dec9da013f17f8a36fbe8bdabfd738873015fa,POKE
bbcd8143a4e940fd47125277af484d1533062d251e44230287b60a6e,IMIN
bbcfd1f4df6dd7a7c9ef604ff17ffb7132c9380da09c408f1a5523a4,QFR
bbd6930ee861b48f45ede4f2990275a80c6b76374f592edb99fc3ba2,SONE
bbe49b11205f94561ae03cda64a7009aba995c42fb819c0d90e251ca,RAID3
bc83d31fe955f785ea2630e01c9442dec8ec0c4e394888cfb8e3fa61,GG63
bca52a1ea803c93025fa43e3aed7af82c3b2bfb01b530b07b0048c9a,SAGE
bcc34d3c45cd3b8770c75c91c3023a9146aa505c4bd5cf094dae9acc,LCP
bce696401137ff3d305e6a8dbb6ac0cd9b41570bda42deb4e83d86f2,ZILLA
bd0cdc8bd27cf19720d0aece925a4b2c85c21f4b3e5fbf6fdb57fc57,GOOD
bd24b3372791f401cc029455c44ea77f3c8750ce3b804a354af0ff16,PEACE
bd8286b7f327621459728c0cd1f7a731eaf7b2fd0df1c6b09b2932a5,ISP
bda87c913542f74a8cd19ffc15474e5ed58d1dbb42939de0604145a0,AFRI
bdadf198bdc79d4f37c5dcd9ed0cdf402bdc2299c3ae4c87d688a6fe,TSS
bdfe2e348209de6c5fc37b3bb050f70b6700f51c5b10070570d8debb,QTM
be258f34e87f5d6fe5a0856793e2ffaa01bc629e273193394120bfff,BIRDS
be474e12e6c1b2433a1a7c8695d6d6c0b0ae18828895002ab43a845b,AIVS
be8d286024cd92cc1f27e351fe3080d89f95a0876f6dc370fd0b9fda,BEETL
bebfeddd60032c8052e46587218dcd6f3e6f0b1ad9be3864508049bc,Trump
bf8892369c5922d9d5e404ab733c9dbf75b6fb842fa1c09f46c60616,DIYA
bfa7c439d42281ead6349f5a8d21088494f9ca8c8b40f72912706206,DOGE
c0401715513d541fe7489da5f7d942544fc76eb039af488c82363ace,HUSKY
c0be64c94d2615f5a9181dee6202e816022e9eb42487ab2b4aca9808,VTX
c0d70a23601c6a880e7a730774c0a4005e49f0eb52ea38d1e609df0d,BREAK
c12fda4a04d21fa768a55babd711527790693fa2dc4e416563f0bf0f,PLUTS
c19a50d82b0d9ba8703bab6ef5ff85924da8fea694e6a4d986b51e45,CARL‚≠ê
c1ede3cc9133209466774d4826044e408db13d6fe6df751a73500f16,ZEN
c29dd3c55a4f3f3b02aae6463ef8e1e66a70b5d000f8a6dc3430ef04,ITZA
c2aa8383fbddcc3e2e1de414f68887ab27d741478961007d78e826e8,ART
c2d2613900ed8dc96e65a352c08f1b7de2d58a57abcfd0d9f8cbbefc,ROAR
c2e35d4b2b6edaa9ce35f5316466fb43103776f5ff1e35a091f55cce,ETA
c2e85124c962d9eada3bdf2c0a27a0f5b153bb861c16432daf504dfe,BRLN
c36cc3bfcf5b962b87229e2aa703e748f2acb6d8a9ddd5cf8950760c,NOMS
c37dc293331bd9615cb697a77b9147265472ef97c3513b9182f0e22f,WAAC
c3c0b2c48d0c9b36f51461530d8a4c7df67f66f05827a5ad831e9e37,ADAT
c3d6f30be1e7a7708cd79ff219f439b57ceeb9d1dd2b9b691de26619,PRKL
c42fc4be44abfa78a3e8776d91acb81266018480d09c0f915e7d3637,TGN
c44e34fbdef89ff767823d3465e5625054b481f5327f983ce53c4abc,PINOY
c473846af5dfa3d56d2bdb765d8a2835be6dcc5c70be5cc4ff136a45,COSMC
c4a4b16b33b63da2117f4a84d3ea686f34fcf9f4603ce016af9e39aa,LEO2
c5560c69f4f5528c100d2522c232ade42419284d2a07bd53ac9eb02f,EIP
c55c541a9a5c60b42d533a3c04791c19e96b0ffa4056543489343497,MELB
c57544afa6f46ab119f61c753e357b9135a109c046f0bf59614a6bae,UMA
c5cd20560b90140d46803fd9160602e3e409acd78fd7f2fa146e6a31,CRTX
c612b7bef398998a91d6ac859b94659b95fb340db657f3eda62659f5,AID
c66d63d07512b152cee2a5651ba44cb6187d0edc6107da96e938e4de,STP
c6da03f57821cdefa6f77958de6d99e5de4740cf568bc1fbd59b0562,MOMO
c6fbd4e484a28211695206e1b53f1409e7cef8c62d3f6b24bab2f600,EDEN
c771938819c08a3b1924fe721bddcda9a451d48ef3f0834f2a90b59f,FIRE8
c7a434e33111ad62c0b99882c748e9e748c3442d161565661ad8dda4,EDEN
c7e29b935bcbe69a4a66edec52f86fa28bde6d65d7acea937fa307d0,RAID
c7e431518477a4156c2a8cd6523a6a73514e7fbbbf7eed363b9a22ad,BVUY
c7ecb8d6fc4c236aa1336a87f3a08517c426a0653c4e47d957727972,TRAP
c7fb4e697c06781937d8b5ee3741e4d6b32d7236852cd7c396462986,TOMO
c831593b9911c84c8ddf249d99dca56fd9b9e97a9c41226fcfe7d34e,VOLVO
c8a1648c3fdc0b7d5cd877bad022fb48d619eb04f74c7ec87ba5a6fc,IPIB
c931887eb4f9d3e8343f4c3de7d74ffab80c94c99e6bfd54cc765cd5,NRDCO
ca11dbd228b81df86d5caf02e9ee302e567dd08da869a85fa05efcc0,EMRLD
cad0b74ddcaff6b73dae6af72604a9bf9c6526d5cea4bf2a8480689f,1PCT1
cb0e97271899d0378b028f08183d6fde0794e3502d1d2c6bb96c668c,ZEIT
cc06dfc772a853fc79e150cd458c4553d876d7c5d6f575100e082253,RUG
cc1008a2bff95e4fa408a8d8d4adfac342120307e0fb3c713fce8834,BPOOL
cc61fcd0fcb79ef8547f7c6809c3134e194e7cddbd77e3a8a00e192e,EXLN
cc95a9accad7c4ab3ffd460183b9c5410787d5136485a401bfb92878,ARTZ2
cd95ba0b846830803230a6ff7a51633a03ed1386cd6f2ac3c659bb22,CAZ
cdaa4c2b6cde56b6eedff3a490e2560e9e68400ae0c65be0e949a908,MIND
ce29f6348d2b5170e442c81229d4e463a354a75cd6cabfdde7b4a5d3,RAID2
ceb080594887a3d76af9b06ab41878c5e16ebce3c2adc2437cb123dc,ADA4U
cf0487e3d30cb656fdb54fa74b4bdd86a7469d70383405d4791d1e1a,Saar
cf635c0a032bc98d453b65512aaf2b0f9b0f62b2b865a6011523aaf7,SMILE
cf72b981ad6ff4174764af06eacff823df50c8289ae29090238e80b5,SCU
cf7ea146bc448fd7e2c4b37463568d16a4e6a055c719c5da2a7e0357,FIXV
cfabe91bf845502f3d91d45d08079f83a129f0fc8581c34eea9a2057,ATROS
d00e3bcc92d536b488e362627c8e637cbf81d1186864263dc858198c,AWA
d02e955642a85a3e3d001dca374d8c2b1f4ee920f4515db75bebbac1,NXT
d0507160a231932b401c64a1afc8dc21e682993e2e6c0cdba129fa77,ADABR
d06d19e148f50ef63b839f97a02648cf9f8c1c9f602cb7e26284ecbc,NAVY
d0c0f9ec7108d4f577cdc24b47f904a7230b965a6b8f2938316a2a0c,ADADE
d0e3a14eecbc6eafda94670e5bc0d1e20b58195958185829efd34fd7,BEEP
d1490a628f85b5ae90852c9724ee4fec75e75991becb8a35e0479cae,FNBK
d1637a4a755567eb74449aeb728f49c9f8772e01f720ade74fdc014b,LTTR
d1db25959274547291f1bbb29d97f78234673b4aaa6d6a29d4a4d7ed,1PGO
d22bd5db44ecbd7364c3fdc892e90b32e11b4a147404c36c0f0f5d13,BIT
d23a78c60e3ac5c630f1401480e844e3af28feddacf2c9f792a2061e,UNIF1
d24f9c06689689b1cd563efb431825ee66438fa8fa005f3313e920c5,MBP
d264ba622976fe65ed0d194175afe80927e379ac23de5e6c3d42febb,SWITZ
d28e4ae3848720195f09becd15e6985b54cbf3b62e52bf53c5af8501,DEN
d291a7ebd793c51590c39fb2f76f028e8800ea66e4735353b7b39932,FORGE
d2a0220fe37661e0388f176b9b712827e4913ffdc1567b9e0c177f9d,MAKL
d2c391e69ffb010196706660f3f41e9190e4b94314f3d9dab34529e8,GLLEO
d32d813142d2f64987dc0bef23864d8f642beaea38698fd79cfd6f68,LUG
d35efae280f5bce2254a8d9185ab4296032003efa8d9331d8bc3d74c,ICORG
d36dad36be5df6bcaefe3c6cb561c5e5de2c54d06b3e01bbad179932,SOLIS
d385e45001d129b78031c28f4ac4611021d769c5b60dfb928287e6e0,BEACH
d397ad89845f0b6c9347ca59ec1b424d8137b4b617e6bf57582718f1,BANAN
d44442e0f92b4173205c4e8609cd48cbbb09c7dbcb805704c22be1ff,MOAI
d445212cc1d533c0106c8b942c8e73e5f56b80c7a5c8d1bb332640c6,IADAP
d47bdc4fbe99d680dc557847d0c9161d82c8256be8174d13285060d5,HANA
d4b0213dbf6529e6208e4256daee2c74dd29fe277067e7728800c82f,SAVVY
d4b296f51882044cd8b222c49c88d4ec989b1172422fd0c355b885ae,NGS
d5382307ce9a0798d289cd96b65f10897deebb30b88f8eb98f051044,ROOK
d550ad0dfe5f112b85922d67a628a858d150f34196089d7c1596bcfe,47c
d5a5dd677517f87c6fe3a7fb151070352400e64d0597d6b8b36470e3,TABLE
d5a7362f2270b680cf8763e2ebaf44af3db7271e00b44512da53abd8,LAMB
d5ab27d16607ef2f49ee6d9c8d8ba9ec2fdde9b1f0ab2c4ca002670d,FELIX
d5b90a198d2411b5c82fbdfee5f94b86de49a8589bfa7720b9de358f,EDEN
d679d78bbfefe7e03e05e7a42f9088075af0f15f501a631c67e64037,ETO9
d68eed68381b65beb04fc7984dfa156c4dbf53c7911e900af6a535ef,KARMA
d7131928a59b5cd89b6cd2597d54e1c4615c44877a14b79143765d13,GLOB
d7dc0487d80b04e9eb77e3d128debded2da917647df35da25267689f,ANEW
d892f662870facb4428800803c3963854d3f85b46157717fc8edc12f,MPN
d8a7eefaf545d91a37d7dfbf908b183b2ce044e0eca73e03bfc69fbb,1ADA
d8d8fd61ce6ca61d085a21dc0f643d6532475bbea0d5651804a1f22d,THC2
d9213f9987f7f8d271bd369178cdffddd0c8175928040850979c1f72,ACS01
d9df218f8099261e019bdd304b9a40228070ce61272af835ea13d161,1PCT
da03832954a1fc42f12a161c30f16d8da5e7c9214ea95c74fa6e6fc7,PRSPR
da96891a673bfb1669d5647898d845b379762c65f43fb0ba610b743d,RUSTY
da997b84607597037da1401ae7cce7df90eaa518e194b598b2860462,PICO
daff7bb7b219bdda0e9dc1031454721ed9e52c9b626833cb798a95ed,FORUS
db0b2d9cfe4d50d08de9a04e3c8f2e941a863545fad5d72db3dca284,OLIMP
db54271552d132ada9bf8d4da0b0270dda1962d3e93ca58862ab300a,HOOAH
db99ed606f14f3701b2a89ad527ee37cb48742464ab0c748db7e5cd4,ZPL
dc1227b22418bf1b527286caae3a85c2614e643d942bdd28664ee86b,SA8
dc2fe82783dd918041ce02288e263832002a8ed6c53c8d24abcd39a2,PRCS
dc31fffacd510b8a6accf2eecf59852ba4c18fcae383be5c37efd721,RARE
dc508ac7975e573adf6ef17873c74d200e0cd71931c139eb76853281,SUMN
dcd170f1b51902cf692805383b8bbc97f2c096ab91b88d529ac9404e,TRDMK
dcde46cf945aeae3bc91699b0ec9adbb44f8875be36c767ef4a0e993,INDIA
dce22e3ed77b39885d062c17597c7bfad9d86f41df4c057a32cf0b25,SAADA
dcfbfc65083fd8a1d931b826e67549323d4946f02eda20622b618321,ETR
dd31793ac6845d4fd63c4d4852414108c0661f494b76f48eb389e615,SMATE
dd47ad6a8fe21ca342e28a163cb74e69b13d519538de3d06ac26aad2,MOJW
ddf686213f0a98f6515a7a700652e229ce222174158f5f82b43457bc,CCOL
de0f2d8ec4a4079eb44437ecf986f805fae1907abc544e8721a55cce,IPADA
de2e00a923f6dd016a43087e608df9b6ddd4e587e8ff4f39c64e2d43,HWL
de3498ad820d0a44cd411893fb00a0d59ef43ee909316a2e8ebca070,USMC
de7f214056fa551217d6ed21203bb09e7f479b34e8f4740bcf87f6f9,HS0LO
dec7757e2ba0fcea7fd93a9999bf342d1974338fb91355ac68c13320,PIO1
df01dcb3a9e8966b6376e6e6db8739fff72cb769a3b5174736520baa,WAPE
df0d1b70945b0c4d6560ee64837ca54e025eabbe710e256f6836273e,CARN
df106c9f4178749167305dda2b72d1b94cb9b535d90b814f665ec2ce,Kings
df2c28671a7d2e9b29703547533543926445f3a70f119a07af41d434,JED
df4924aefe20b5b0b6b7baf0ef97d5e2cf7fb4f7fc1497f8636f3f12,LFG
df5b6c5754beb2539fd85c95d6cec452ebab6d5ef39711c0bebfc5cb,DEM
df983a6e50640eab5e840968119614737ed4a9871e87b0b0e2a78813,BROTH
dfaf8179da6abf63efa746fc62dd94925a03f0b13d77a0574a0ca6b8,KTUT
dfb3f960626d0b1c75c2705707bf7b99a72a2ac32b7a71ab551fb15b,NWZ2
e0079c2670ee8206a962d3c6ffe255b7277c546371fff68c2d624c50,AMS
e1c990717560232bf659ca30f50e3b84e79d587d21b821903d11e560,HOSK
e310c2488894d8a790bc70feb3c121f4852c17411e5aedaedfee0b8d,ATLCH
e36bc28e2bc668de6f51fc111360f399c98fabff351110053ae5b15b,FINE
e3f8a83cefed03fe4ebdc4f50f3cdd880a7c2fd0b2ce7ff9da9cdce2,VOLCY
e42b85d83cb44c1226a1f5af075cff3c22e21b7f1fe05c6661ea8db3,SA4M
e455088c9164ae075f0300bc1a7234c30433556c6b88d4301a06cfe5,LEO4
e459e81629534ba3f4f6c674242778b24d4d7c9a56a56dff52679687,ALOHA
e45b9806cc75600c8149617891de8d377093b36fef4cf7e7f66e73f2,ALF
e4dcb7f9dbd7e7526ff7da111e50f3aef9a33f93bfd78cb97cc5d21d,MS11
e542f88759c997c8a3357a542efbf00c85405baea7f6006b3b344160,777
e63d0fa435f185cf651c81bf666f51199ca6dd7ba1fe7cbf75d76776,KLWNA
e687aac4b89e544df7aa84ca7c57e7702c8c411a0ca2e1d15191549d,NOR
e6d3f91ef201fd14c0a3d740a1311039c43850d283a6a14ecdee6ff1,BANC
e768a8d7bef0345cb0f439dc1ec0ac7c293188fcc18f60f5208a850f,KATET
e77b1fe68290a4b1770c47d0c2c2fd5044717f28f9f8d21447fddadc,GIR
e7843464d334090c2e7377e5291363f3ef93a8a91d2716653361de8e,VILAI
e7dfac5c0621b9f8a4b59522b1c9955d090b59b1e2d76f1eb4708110,CAVO
e80753d6214589d0682aa53cc44cd033a72a4299da8dc82696a93b5e,PEAK
e821f84fae1694a0b4f1d79688715d5a771fa2c5361aea0ef1c68681,CASUS
e85450d0b2e86f0e4c16b4ec36eeaebd527b0c6cba57ad0af3856396,SNOW
e8570a6bd4d953a5d835cb552cf234e897eebee66c5a408a4c70d573,ANON
e94c464e6994f92111f356c29a8c4b6b87080faea06897eb60fa2758,LAGO
e96456ada10b1202d5c7ace142a6630ac51c495bb383bb729eca889a,ayame
e9794106e9403e8fbe059b1a2728fa8f686cf6e90565f7ba542b2dca,HAW
e990bee7458359e5cc03e4733937f37dd292dbd33f5dfb94c6100aac,SLOT
e9c2db878b29143e6f458568a1b2b3b5f2fe8131308c484528e32da1,TKY
ea2da5590f8174fd33c7c9b83fd23b041bcad5ba0678220783a67d6e,SoPHi
ea9f4a127f07cf5c8a63a40189ece41c104a7f93786f25b379be9254,YOGA
eab489cd789465467a68a14a09e27ee73ac54034d3ccefd9818841f9,NASA1
eb6e1949ef2e1f2cdb9b041d2a4b86d4d837798ab3ddfe53cc4cafe4,ADATA
ec128b017b97390c7d06f28c11302e8c748b73f8bae0b818bf848bc0,BASHO
ec736597797c68044b8fccd4e895929c0a842f2e9e0a9e221b0a3026,SA8
eca423c446d29f3f24837a189e89f67f1b8d19e51b67600d1d370a07,CPHV
ed0e945791de06a13880fe2ad0375b9b812de39086c3bc6fe5f8f701,NYCP
ed40b0a319f639a70b1e2a4de00f112c4f7b7d4849f0abd25c4336a4,HODLA
ed6b2d4bb0ac257bc4182e8671eef06c8d2e4d7c11871ad5f213a52c,MELD
ee1f91a5e08196567a88de2f1180b4a9f673961e5c2e170421a39002,AXNSA
ee771169b18771adb46d0acd845f4160cd7145360df84aed11ac2108,NIX
ee89064ccaa9a12ba93acdd1b3789c282b44b7df858e762a0e35b36f,VIVI
ee98a72dfb3ba43e9de2e39ef825a69d5d45627d2e918ea3e260f2dd,MS1
ef03ceb5bb2f71143c91f387606631e2735e7baae7709cd0dc6b8e3e,ELBST
ef1c917668e7a05e751d0e2f7df707f4891b1fdd8b4d70aa2ceb56ea,JPN24
ef36ad98ed852950a775a67ea74e3f1fbf0986ff420c2bda20f87f4d,AMM
ef603340ac08cbe1cbe003821a2272e15612b50b86c0066e043dc64e,NEP
ef7b51d8b9359f0c2257f7555f06b76a2dc01cfeb778764d25c68c0c,CYPAY
eff96bfccda465d5be2c42e97ab4c6013bd08b29bd8a41feafcd4713,RFJI
effc78f36adf09718712f78a4ae84f02e6d7cd79e3c9492fcaa2a7f5,GOLGI
f038585f5ca460b6049602214895301db3e31d32ae68a5ff1ee0ae1f,ADAHQ
f0beff5c2252d9205771543b5febac9340fe884a49e697bff256e96a,GDAY1
f0e3c8d48efb750cdf256b68babc880787bc688972acfbbee1ffc537,ADAR
f15a17679f7ca09617f0d7a791d66a3e937d5c0b85baed4f862f9745,GET23
f17566678e30c1c75dd39e68829723a3c1aeff1d4f8924c6cdd18746,YLGA
f1ae552b032c2d87a416f4067eaf4636b3fe5e80230a1f63aa33f6bc,MMA
f1e470e5967d43d257e8128b82928ab45e607fdceca826c0020f4b27,CASTE
f2423991e47a678bfe67b3deafa42cd3e02e7e1c00f220c13cbffd60,EPXRN
f25197cb96c05ec03b8fc5ef195ea87e76ba8fab3b0dcc0cd499e140,TRADA
f29069bcfbd55844b0332ab4b880fb6d009780b68935600b561c8e32,HOME
f322b5ad43b8decce9e8279e42840b5c5fca0397c5ca76b9504331ee,UKADA
f34dafb694ad4334271576b23cf9e716e48ef9db25b39f82e05d561b,ASH
f3e3ed8134b5759d483de66bafa494a30eaf0f25c2371004ec806310,BEAN
f4534b0b3c154f4b42ec4762bf7267e68a5728689fbdd0c8cff1ccdf,HADES
f4c50c06dcc45e1b1eae66f42307295040564243fa635b8ca847e6d9,PIMX
f503e58008db780d0e9d6fa58eab1590b4b0c470f8bd24a4de10f91c,GQSRN
f510658bb80e3657f5b20b3f796d219552b57622e0208dd287ba620f,CSK
f54a517beb8954d6c4298b2717e745c33237a000ecbb41b664c8c2cd,KING
f57eadd26faadfa356d208d39febce79b17f6b0a5b62afc99a666e73,JRNY
f59e3495e638303cfa63750d5da209412a59c880680e7a8393dd5368,IRON
f5a9a386453680edb38b997c1a3902623724fb75d405160b8d069507,KDK
f65731aa68706607718d140426c75cd7ac2c40703c31c325fdd46f91,ARARE
f66a36de855d53b9d5110bd46640f48dbab1c848c9e2f5c36d8c12dc,GAIA
f68550a5e32875703027dc6318037a618eb91620a109c99194af8fba,SODA
f6c74a55ccd5222aad6388c8d5d1b03234351c90e537f11718a74d15,HSP
f6d42479b8452bd3a04a922ce12a114884bba9044d75ab7a04ab7fe7,YOLO
f6e255aca5180ba430b0ae03ee163de759ddc236b8dab127a19a0c89,IDCH
f758bd7d92dec6dc5a7f23ad20bf53d4dcf76c1ed84c0449289cfc8b,POOL
f799b4b4418b3b668697d6c71bafecf23f85196f264286f462c3e959,SAVE
f8396314cab569afe95fedbcd770c5bfa2303875dea99547de022438,VITRA
f83cb7810af45813ad4e16f2497a0d02997e2987f4a41fa3830a4d88,LEO
f8cac661341d248b2194f93c257eefd1c9b122a6d82d449c3c559516,HYGGE
f8cdd2882726b313f783a4fa0cbd6bbc8d7aa28c768989d90b22325e,LAT
f96080f834deb1a7d2a3e7a867fbcdc3d23cb14bb6e8297ffbb7f42d,ADANL
f9affe54e803f4fd6e5ab29fbbd34211df5127d3e8cccdac950b63b4,ORPH
fb2ef0b6933e23890ae8ca4a4d3137f61991aab76b33a2426e0f6aa2,RAOOL
fb83453645f6948f72ca95a381388e303bdafa91678ca653401d3ea1,PMP
fbcc69ce8cdfc9cd3c2d9606657aaf7d4e33c1d22c99ab41533f3791,BACON
fc21c6ee642559f10d81dbab4894ceb7e667ff6adf0782afd3553858,PREV
fc79a939d5986c6565fc5e21bb5dd292261ac5da564c30385b3bb8d4,ACE
fd16af916631bd29bf926d210da45d4aaa852242965ad06c124726f1,AFRIK
fd17b7395d05aff8fd381e32dd18306c5e111b540e995cd4ec515159,BBAYK
fd2a060be85493dfdb03eecb6343a76636823d223d680a202b900f65,RADAR
fd502e9cf5c05943e8f250e4961b68f169c786b044134c64759b0e7b,HORSE
fd6049e6058460efa683a0e090e5b98d0ea1d6db539a5a9b0bc649de,STAYK
fdb8e1e7f181f23d31f09bb4547370ef104688b37b3e7f4fdb222f4f,ATFF
fddc2812f7f376e2bb82f00d3dfd42a65348be3f0fa464420a04fab5,UNION
ff5181baf722aa81b4c1cae54639d9268479e03e418a86b681f226da,GAMER
ff5eb7a210b3b322271da7f17753a06d107bda666f34be10017ad723,HUNNY
7e53c234d29f6037c5e5f82dfdc8a6edf816cc406d0a3a3412cdeab7,F4ADA
7ca2ff20403531c018489930828dc42717222b2025e76df15cdcb58c,NADO1
7c1ae56132983ac8c04bec007c669e8969f25de8d2293a7a3cc8ff96,[n/a]
7f0affb3dd2112de7e6b7beb7539155112952b0764bf3048ccf048b2,[n/a]
52916fa2da464316ee881f50fb758211b0eb56c630c194248845e414,AEREA
8a8e0fa9953e6a02c73bf9c7471c08c20e4067cccb4afff6201cb6ef,[n/a]
8e8ea1b273cf1dfa4bcb4dde24854b3bce2e4a4d1baa5282ddbf0cdd,[n/a]
aa0523f4a5e56325239113dd8265ac6e3aaf6d5f37b700188efc7e3c,[n/a]
a3d7b1f62e5ee8cbb833f4db6e45b2c39f17eecc1d2a1bf90c407dc4,[n/a]
a374a14d2fa809b5e999a474b5d085b10be2fc95e6e82da045d9e8f6,[n/a]
a2d42d873250321acca2d7cc7a5465f9060892bdbb645b4dedb28125,[n/a]
a19acffcdbf8ae27e171e468e6451b1189b7e84e447fafaf80de21b6,[n/a]
a1939bf991b0e92af264cc0469a5848d4adadcf02aaf5335df55f0bd,[n/a]
a0a6af80153d4bc92d7c5dfa4c07bb99067ee4b65066a4d87f488503,THC
d1fcd4a09f94efdd99f4be86fa89bffb347c9bab85eed7ca64a829a8,TRUEC
d089b733c355608c191588ab8cbd0fdb9e45e84d366f84389684ab4d,[n/a]
f51e13866bf3427d1a1e97ec3c6e22e662d3a030ac26812e111c94cf,[n/a]
f619a10b7ccea6167c5f169634e834b57739c2db892185f2efa9f1eb,[n/a]
f3744cef91741855c7e9a3fc2d339c7be1f091d10417d625ab12e522,[n/a]
f6541f3ca941d96d3c243eae01fea874d6be403b2dd2c6575245de6e,[n/a]
3fddf602b2390c81c38c2026bd901e71320fd1659df6b43f067f01dd,[n/a]
3862e102e1440b150ccafe5d16ac68cd78ce6e46afc4fb0977fcd6bd,[n/a]
3b343fe1147ebabfdad721e0d42e7ba652294a50bd8bd311813a7b1a,[n/a]
2e31c6973d7351710107aaa883f02603a051eaa98d131c3191604cdc,[n/a]
2a75eaa83fd90ceabaab15f2e7be20d7b0953bd8d698a3ed76d27c93,[n/a]
2f15f13a7bb0a28003662c3b7b92079818e15be76839edd7d5dbc509,[n/a]
c5d7ddd302cb05652d785b3eb0c3075bbee4e84225fd69465617948b,[n/a]
6d627f43db80a56ca28e79821119ab1425eef6e903519ca555cec97f,[n/a]
4ea4b108b5a3cedd1abec6175e6f97a61520f64d234e555d231a440e,[n/a]
49f23c86547526bbd0c9320d3704542c84472f426b923a3e429392eb,[n/a]
49603e150a4abbb2868bcd9cb7e7c41b018ead754fb202d3982d2582,[n/a]
4b90a31c2e719991a5ee02ed10cc0b23bfdb973b891c465e16ea59ba,[n/a]
43d2c326b972df28dc3f0bcad657b657194e92295b8fc0d8ef69ec65,[n/a]
475f7a858f0c25c38a32f7cf4567e02ab1e342fc8056af4adf99b5aa,[n/a]
41b8741536cd484687a4c3adcdc07211cfce03ca58727212336acc5e,[n/a]
bca02341b52c53b194a8534f964c1f1ff838638f7ccf261762383755,[n/a]
bc06939875c121b22df4f3c8b55192edcfaf7a2cc14b7386071d3c46,[n/a]
bb0dbf7a5437382357ac1cd52b79b980203884c085924584c27e5550,[n/a]
b3db480adb141da7c6845c3676b3d46d72ee5116dfb1e6de12e20bc6,[n/a]
b3ef5a5b10492724903f44f400f5d57ce3867f0368c9913ea6abfa40,[n/a]
b1fe7ac3669604156c20dcfc08355197af5637c37750d862039670c4,[n/a]
b7dcd684b724061fbb76ef4f78b7541a0a058ab7b860ef71828e5e19,PECHY
b07dde7ad2e458a89177d4e10cd657309d9e36a79ef1edebb60b414f,[n/a]
b2d05bb3b93dbfc74c6a2dafbec7666f929948b6a7de49341fdf452c,[n/a]
fd2b9830f7a1a43217708c815dcd352b1cb89386fd12de343e905a65,[n/a]
da022bb65cc31f72126d101e7ff7dba5f55a3b70eae34418854b35de,[n/a]
dfcf79145765330fb6ad770c3b37afb2f1f755143250841f537477d9,[n/a]
db3c2f485d5c1e88c23a1b750b3cf9769c8a853ee7f85e31ba40c2dc,[n/a]
99cdbc4b9d6ced33dac5e99725c7b7353bb956783d6ba40db2125a31,[n/a]
981f2346217c13d527868c496fd850862d5b251d07d13fe1fdf74a84,[n/a]
09fb1967afb51dea96497c963f033919ccbb946f10cf65ec3ea5f203,[n/a]
0f25944e67027c6e1b4bb195b9280d99649792a27af53df4be73500e,[n/a]
0598b7e9726369b92624dc0a4d5c2a5732d9d090d44f50ccf68b6ab1,[n/a]
00d601ddf129870ea2fb5cb8403fec9460ccf2228288e3ae8eaa71c0,XS4U
1940494163c3e8f9c907fefce31287f5768e454a613f29adb0dd0083,CPOOL
1a5c907e956981952621bafd83984b0171474f0dbe034aaa76f69b84,[n/a]
1a2b7aa705979ee8c8c7d422cc1d826fae6736b0156477b4b1bdbd2f,[n/a]
835f80f6c27a277b6c967c98c5f225e77b067aaed686cd8b1ac276e2,CAEM1
830562e2cd868678cd8855bce2de0217557e81a5173c9e1111f64e84,[n/a]
5f3865430bb7c7f142f1abaa80704a72f936d8917a5839bc162503e0,[n/a]
e57cf381a73cdfc32b1d0e33a40b42c498b726090b78a3df56b5e848,[n/a]
e37b5b58409d149e106ee62f2312cdf90ec957446447855ea20947de,[n/a]
768a4abe40bf4ec986087a6f356984da85ac3b8388dfa6840e3cdcf7,[n/a]
35860254b969109e6d8e2c8d3ed2988fa38de2c2000aadd3d341d44c,[n/a]
23f62d132c05a3545aabdfe3eee957d1568a160916990f8995826896,SFA
266a21992f779be68c1476fab8e9bf1015e7b4c428ee8c3b899f65dd,[n/a]
238e0bbe539ff59e6d025fbc9e7d3746c826f6251626d4309857929e,[n/a]
168b1fb18159fc3b126f9690924742fcfae2ecad94e13d76a8244ea5,[n/a]
